"POS","ID","REF","ALT","HG00099","HG00102","HG00107","HG00234","HG00239","HG00114","HG00119","HG00121","HG00246","HG00253","HG00258","HG00260","HG00126","HG00133","HG00138","HG00140","HG00265","HG00145","HG00157","HG00158","HG00160","HG00254","HG00259","HG00127","HG00139","HG00141","HG00235","HG00242","HG00261","HG00146","HG00110","HG00115","HG00122","HG00103","HG00108","HG01334","HG01790","HG00096","HG00109","HG00159","HG00250","HG00255"
108873872,"rs23245129","T","C",1,1,0,1,0,2,1,0,0,1,1,0,1,1,0,0,2,1,0,0,0,0,0,0,0,2,1,0,1,2,0,0,0,0,0,2,0,0,0,0,0,0
109480719,"rs19096577","T","C",0,1,0,1,0,1,0,1,0,1,1,0,1,0,0,0,1,1,0,0,0,0,0,0,0,2,0,0,0,2,0,0,0,0,0,0,1,0,1,0,0,0
109516823,"rs50009332","C","T",2,1,1,0,2,1,2,0,2,1,1,1,0,0,1,1,0,1,2,2,2,0,2,2,1,0,1,1,1,0,2,1,0,2,2,1,1,0,0,1,2,1
111137407,"rs88446261","A","G",0,1,0,1,0,0,0,0,0,1,0,0,0,0,0,0,0,0,0,0,0,0,0,0,0,0,0,0,0,0,0,0,0,0,0,0,0,0,0,0,0,0
112715259,"rs79003849","C","T",2,2,1,0,1,2,2,1,1,1,0,2,2,2,1,2,2,0,1,1,2,2,1,1,1,2,0,2,0,0,0,2,0,2,1,1,0,2,1,1,2,2
113644920,"rs68043393","C","T",1,1,0,1,1,1,0,1,1,1,0,0,0,1,1,2,1,2,2,1,0,0,1,2,2,2,2,1,2,2,0,1,0,0,1,0,1,0,0,0,2,1
114016509,"rs86648528","T","G",0,0,0,1,0,0,0,0,0,1,2,0,0,0,0,0,0,2,1,0,0,1,1,0,0,0,1,0,0,0,1,1,0,0,0,0,1,0,0,1,0,0
114336958,"rs48311938","G","A",0,0,0,1,0,0,0,0,0,1,2,0,0,0,0,0,0,2,1,0,0,1,1,0,0,0,1,0,0,0,1,1,0,0,0,0,1,0,0,1,0,0
114904158,"rs37902395","C","T",0,0,0,0,0,0,0,0,1,0,0,0,0,0,0,0,0,0,0,0,0,1,0,0,0,0,0,0,0,0,1,0,0,0,1,0,0,0,0,0,0,0
116537916,"rs16560634","G","A",1,1,1,1,0,1,1,1,1,1,2,1,0,1,0,1,1,0,1,0,2,1,1,1,0,0,1,1,1,1,1,1,1,1,1,1,1,1,1,1,0,1
116806734,"rs18260461","T","C",1,1,1,2,1,1,1,1,1,1,2,1,2,1,1,1,0,2,1,2,1,2,2,1,0,0,1,1,1,2,2,2,2,1,2,2,2,1,2,1,0,0
123531347,"rs10147049","G","A",0,0,0,0,0,0,0,1,0,0,0,0,0,0,0,0,0,1,0,0,0,0,1,0,0,0,1,0,1,0,0,1,1,0,0,0,1,0,0,1,0,0
123595586,"rs60413105","C","T",0,0,0,1,0,0,0,0,0,1,0,0,0,0,0,0,0,0,0,0,0,0,0,0,0,0,0,0,0,0,1,0,1,0,0,0,0,0,0,0,0,0
124126531,"rs42231377","C","A",0,0,0,0,0,0,0,0,0,0,0,0,0,1,0,0,0,0,0,0,0,0,0,0,0,0,0,1,0,0,0,0,0,0,0,0,0,0,0,0,1,0
125416154,"rs49216396","A","G",0,0,0,1,0,1,1,0,0,0,0,0,2,1,0,0,0,0,0,0,0,0,1,0,0,0,0,0,0,0,1,1,0,0,1,1,0,0,0,0,0,0
125957507,"rs2355673","A","T",0,0,0,1,0,0,0,0,0,1,2,0,0,0,0,0,0,2,1,0,0,1,1,0,0,0,1,0,0,0,1,1,0,0,0,1,1,0,0,1,0,0
126356350,"rs41650400","T","C",1,1,1,1,0,1,1,1,1,1,2,1,0,1,0,1,1,0,1,1,1,1,1,1,0,0,1,1,1,1,1,1,1,1,1,1,1,1,1,1,0,1
127419969,"rs6813372","T","C",0,0,0,0,1,0,0,0,1,1,1,1,0,0,0,1,0,0,0,0,1,0,0,1,0,0,0,1,0,0,0,0,0,0,1,0,1,1,1,0,0,0
128471213,"rs15209479","T","C",2,1,1,1,1,0,0,1,1,1,2,0,0,0,0,1,1,2,2,1,1,1,1,1,1,0,1,1,2,2,1,1,2,0,1,1,2,1,2,1,1,0
128487313,"rs51940968","G","T",0,0,0,0,1,1,1,0,1,0,0,0,1,1,0,2,1,0,0,0,0,1,0,0,0,0,1,0,0,0,1,1,0,2,1,2,1,1,0,0,0,1
129328592,"rs55592124","G","A",0,1,1,0,0,0,2,1,1,0,2,1,2,2,0,0,0,0,1,1,1,2,0,0,0,1,0,0,2,1,2,0,2,2,1,0,0,0,0,0,0,0
134933317,"rs65248965","A","G",1,1,0,0,1,1,0,2,1,0,1,0,0,1,1,0,0,1,1,0,0,1,1,0,0,1,1,0,1,0,1,1,0,0,1,1,1,2,1,0,2,0
135425460,"rs56644129","C","T",1,2,0,1,1,1,1,2,0,1,1,0,1,0,0,2,2,1,1,1,1,1,1,1,1,1,1,1,1,1,0,2,1,1,1,1,0,1,2,2,1,1
138080941,"rs39211800","G","A",1,0,2,0,1,1,0,1,0,1,2,0,1,1,1,0,1,0,2,0,0,0,1,1,1,0,2,2,0,1,1,0,2,0,0,1,1,0,1,1,2,1
138670517,"rs16323324","A","G",1,2,1,2,2,2,1,2,1,0,2,2,0,1,0,0,1,1,1,1,1,2,1,1,2,2,0,1,0,1,1,0,1,2,1,2,1,1,1,0,2,0
139068879,"rs79642091","G","A",0,0,0,0,1,1,0,1,1,0,1,1,0,0,0,1,0,1,0,2,2,1,1,0,1,0,0,0,1,1,0,1,0,2,0,1,0,1,1,1,1,1
139120975,"rs50951989","G","A",0,1,1,0,0,1,2,1,1,0,0,0,0,1,0,1,0,1,1,1,0,2,2,0,0,2,0,0,1,0,0,1,0,2,0,1,0,2,0,0,1,1
139198210,"rs71031183","C","T",0,2,0,0,1,1,0,0,1,0,0,0,1,0,1,0,1,0,0,0,0,0,0,1,0,1,0,0,0,0,0,0,1,0,0,0,0,2,0,0,1,0
142518225,"rs78408609","G","T",1,0,0,0,0,1,0,1,0,0,0,1,0,0,1,0,0,1,0,2,0,1,0,0,0,1,1,1,0,1,0,1,0,0,2,1,0,0,1,1,0,1
142654257,"rs29568708","C","T",1,1,0,0,1,0,0,0,1,1,0,0,1,0,0,0,2,0,0,0,1,0,1,0,0,0,1,0,0,0,1,0,0,0,1,0,1,0,0,1,0,0
